hp_sizes,ts_sizes,sum_hp_output,sum_hp_usage,scop,sum_aux_output,sum_ed_import,sum_RES,sum_import,sum_export
1000.0,0.0,3295597.8575827675,1362429.8302952303,2.418911994072114,4318.294917232627,1415241.7333612635,372161.59617358877,2714560.880347246,113974.4796083713
1000.0,200.0,3528869.707051273,1454981.527247899,2.4253707974740673,6855.662861866322,1415241.7333612635,372161.59617358877,2732502.8218264123,36827.356190235965
1000.0,400.0,3568526.82425279,1470665.1920339859,2.426471261835865,7256.105842557677,1415241.7333612635,372161.59617358877,2739732.4951324854,27972.92172953001
2000.0,0.0,3299916.1525,1364581.3125052007,2.41826274642569,1.2434497875801753e-14,1415241.7333612635,372161.59617358877,2712394.0676399833,113974.4796083713
2000.0,200.0,3619141.467864989,1494774.6213853257,2.4211954204245485,1.1102230246251565e-13,1415241.7333612635,372161.59617358877,2774042.494982977,45429.59807124053
2000.0,400.0,3667669.420400676,1514699.8438201845,2.421383639382007,1.8207657603852567e-13,1415241.7333612635,372161.59617358877,2786022.5373911997,37484.41804460385
3000.0,0.0,3299916.1525,1364581.3125052007,2.41826274642569,1.2434497875801753e-14,1415241.7333612635,372161.59617358877,2712394.0676399833,113974.4796083713
3000.0,200.0,3653529.9969291613,1509134.3253676314,2.420944203253177,1.6786572132332367e-13,1415241.7333612635,372161.59617358877,2789782.061862379,46809.460968336876
3000.0,400.0,3740357.987090191,1545415.9224692462,2.4202921250571134,1.5365486660812167e-13,1415241.7333612635,372161.59617358877,2819541.92310459,40287.72510893269
