hp_sizes,ts_sizes,local_RES_used,total_RES_self_consumption,grid_RES_used,total_RES_used,heat_met_RES,demand_met_RES,HP_met_RES,HP_size_ratio,HP_utilisation,days_storage_content
1000.0,0.0,84.46974209959465,10087.996837331479,0.0,10087.996837331479,29.963016746968883,38.10171581015053,11.05648903700134,1.0,79.0,0.0
1000.0,200.0,97.75859756984686,11675.049533640144,0.0,11675.049533640144,60.859292953164015,44.338913417979654,57.926431745082986,3.62,115.99999999999999,0.8692281297461312
1000.0,400.0,98.2248824349946,11730.736696024986,0.0,11730.736696024986,59.281993492150896,43.141834498967,58.14555143536989,3.72,142.0,1.7384562594922623
2000.0,0.0,84.46974331667776,10087.996982684479,0.0,10087.996982684479,29.993830370319735,38.10171614996399,11.095619738395685,1.0,79.0,0.0
2000.0,200.0,95.68635752535202,11427.567411693948,0.0,11427.567411693948,60.49928165597388,43.78612755822444,57.99021844377403,3.94,117.0,0.8692281297461312
2000.0,400.0,93.83156328753218,11206.05426461975,0.0,11206.05426461975,58.40510071299232,42.106656041583555,57.3012202856462,3.94,136.0,1.7384562594922623
3000.0,0.0,84.47003242148148,10088.031509702947,0.0,10088.031509702947,29.997055063009576,38.101796869148664,11.09945639283049,1.0,79.0,0.0
3000.0,200.0,97.54985813819714,11650.120338001947,0.0,11650.120338001947,60.85495937029385,44.2614319882901,58.05399680072135,3.94,117.0,0.8692281297461312
3000.0,400.0,100.0,11942.734269789948,0.0,11942.734269789948,57.54427122872162,43.49196818428093,54.35196145652728,3.94,128.0,1.7384562594922623
