hp_sizes,ts_sizes,capital_cost,opex,cost_of_heat,cost_elec,lifetime_cost,levelised_cost_of_heat,levelised_cost_of_energy
1000.0,0.0,600.0,1.8527682723233887,0.024199982522260147,1.852768272323389,3846.0500131105773,0.03958253446768705,0.057596233419728096
1000.0,200.0,705.2115231339762,1.5646023248128522,0.009786998403618024,1.5646023248128524,3446.394796206094,0.03032671027119117,0.05161122670328504
1000.0,400.0,748.6884642170814,1.622831151487098,0.010151533441976746,1.6228311514870981,3591.8886416224777,0.034056821329499755,0.05379005886957776
2000.0,0.0,1200.0,1.8527682723228713,0.024188165888250707,1.8527682723228716,4446.0500131096705,0.05495326977910632,0.0665814884044482
2000.0,200.0,1305.2115231339765,1.5655104251988086,0.009866732141225992,1.565510425198809,4047.98578808229,0.04575005150285224,0.060620307467495825
2000.0,400.0,1348.6884642170814,1.618751724149408,0.010254299983578215,1.6187517241494085,4184.741484926845,0.048858959151147865,0.0626682821454346
3000.0,0.0,1800.0,1.8527682723234877,0.024186926832242394,1.852768272323488,5046.050013110751,0.07033458266852428,0.07556674338919805
3000.0,200.0,1905.2115231339765,1.5655104251972194,0.009777888809637971,1.5655104251972196,4647.985788079505,0.06113260335242473,0.0696055624521878
3000.0,400.0,1948.6884642170814,1.624251792298287,0.010370846158182425,1.6242517922982873,4794.37760432368,0.06428571091726171,0.07179784211324146
